Country Name,Country Code,Year,População Urbana (%),Crescimento População Urbana (%),Acesso a Água Potável Urbana (%),Matrícula no Ensino Primário (%),Matrícula no Ensino Secundário (%),PIB per capita (US$),Expectativa de Vida (anos),Region
Argentina,ARG,1990,86.984,1.91900296581223,,,,4315.33403111588,71.615,América Latina
Argentina,ARG,1991,87.328,1.83257439525112,,96.1759,,5709.24784079504,72.02,América Latina
Argentina,ARG,1992,87.542,1.62913368750272,,96.81325,,6789.99611136495,72.096,América Latina
Argentina,ARG,1993,87.752,1.59323841381344,,97.4506,,6931.85596375876,72.303,América Latina
Argentina,ARG,1994,87.96,1.57689051205178,,98.08795,,7437.56242327594,72.732,América Latina
Argentina,ARG,1995,88.164,1.54196414274921,,98.7253,,7357.6162773788,72.864,América Latina
Argentina,ARG,1996,88.366,1.48630893669086,,99.36265,,7663.21271287469,73.056,América Latina
Argentina,ARG,1997,88.564,1.43846759862136,,100.0,,8146.78710021431,73.407,América Latina
Argentina,ARG,1998,88.759,1.3954627555021,,99.31647,74.40915,8218.99212764682,73.412,América Latina
Argentina,ARG,1999,88.952,1.37025067665949,,99.16485,76.26566,7705.54288252851,73.683,América Latina
Argentina,ARG,2000,89.142,1.34649834969086,98.7054445292028,98.92861,78.48781,7637.01489203628,73.91,América Latina
Argentina,ARG,2001,89.329,1.3075037312868,98.7610379656668,99.0026,78.94955,7141.47507662826,74.154,América Latina
Argentina,ARG,2002,89.51,1.27182887426113,98.8166314021307,98.95948,78.81052,2569.69963519124,74.312,América Latina
Argentina,ARG,2003,89.686,1.22957514056398,98.8722248385947,98.87379,78.51365,3320.47775133903,74.307,América Latina
Argentina,ARG,2004,89.86,1.20789714726708,98.9278182750587,98.57855,78.53653,4242.02099089422,74.871,América Latina
Argentina,ARG,2005,90.031,1.21757237892238,98.9834117115226,98.81425,77.93493,5067.65342293276,75.231,América Latina
Argentina,ARG,2006,90.2,1.21578638362705,99.0390051479866,98.85437,77.80917,5869.38028970204,75.279,América Latina
Argentina,ARG,2007,90.366,1.1749673731084,99.0945985844506,99.13952,77.68491,7185.25155147027,74.783,América Latina
Argentina,ARG,2008,90.53,1.19420812925512,99.1501920209145,99.13278,78.65304,8944.1102657357,75.428,América Latina
Argentina,ARG,2009,90.691,1.23745944754417,99.2057854573785,99.09709,80.56529,8150.23527028221,75.577,América Latina
Argentina,ARG,2010,90.849,1.23043013340485,99.2613788938425,98.7319,82.09918,10260.1313108254,75.68,América Latina
Argentina,ARG,2011,90.99,1.21982256470313,99.3169723303064,98.91685,83.52317,12704.2831819684,76.1,América Latina
Argentina,ARG,2012,91.121,1.17152900249421,99.3725657667704,99.05122,85.89363,12949.717486654,75.802,América Latina
Argentina,ARG,2013,91.249,1.13333150331615,99.4281592032344,99.11341,87.09754,12963.675773326,75.829,América Latina
Argentina,ARG,2014,91.377,1.17192081869787,99.4837526396983,99.44461,87.6325,12233.1444119186,76.268,América Latina
Argentina,ARG,2015,91.503,1.18505436466263,99.5393460761623,99.49576,88.44048,13679.6264980954,76.6,América Latina
Argentina,ARG,2016,91.627,1.10433531557669,99.5949395126263,99.10172,89.88468,12699.9623137756,76.105,América Latina
Argentina,ARG,2017,91.749,1.01430816498057,99.6505329490902,99.184,90.79605,14532.5009308511,76.543,América Latina
Argentina,ARG,2018,91.87,0.9547647881172,99.7061263855542,,,11752.7998922979,76.77,América Latina
Argentina,ARG,2019,91.991,0.842521815308169,99.7617198220182,,,9955.97478680428,76.847,América Latina
Argentina,ARG,2020,92.111,0.615028911928924,99.8173132584821,,,8535.59938004389,75.878,América Latina
Argentina,ARG,2021,92.229,0.393904283014769,99.8173132584821,,,10738.0179223384,73.948,América Latina
Argentina,ARG,2022,92.347,0.338668250794531,99.8173132584821,,,13935.6811110049,75.806,América Latina
Argentina,ARG,2023,92.463,0.412511398836538,,,,14187.4827252965,77.395,América Latina
Brazil,BRA,1990,73.922,2.8510094875306,,,,2581.14187449078,65.862,América Latina
Brazil,BRA,1991,74.69,2.7493431260959,,,,2257.6092968885,66.203,América Latina
Brazil,BRA,1992,75.444,2.67169147199125,,,,2127.31642731638,66.539,América Latina
Brazil,BRA,1993,76.181,2.59207132045709,,,,2348.88247685352,66.892,América Latina
Brazil,BRA,1994,76.903,2.50657981215872,,,,3298.71250747787,67.293,América Latina
Brazil,BRA,1995,77.61,2.45415181370405,,,,4756.74840785403,67.701,América Latina
Brazil,BRA,1996,78.302,2.40179383801153,,,,5179.13052002464,68.108,América Latina
Brazil,BRA,1997,79.048,2.43471578872819,,,,5299.39630404412,68.505,América Latina
Brazil,BRA,1998,79.781,2.41073267176553,,,,5105.89099544117,68.848,América Latina
Brazil,BRA,1999,80.496,2.3487388950208,,96.914,,3493.57162513699,69.211,América Latina
Brazil,BRA,2000,81.192,2.23613458971741,98.1420357948216,97.47392500000001,,3766.54811466032,69.584,América Latina
Brazil,BRA,2001,81.553,1.74699418454315,98.2195421431795,98.03385,,3176.28935747524,69.98,América Latina
Brazil,BRA,2002,81.88,1.64158540478857,98.2970484915375,95.73049,,2855.94018885769,70.396,América Latina
Brazil,BRA,2003,82.203,1.57391729845956,98.3745548398954,93.17962,,3090.6070097455,70.884,América Latina
Brazil,BRA,2004,82.521,1.51601534447988,98.4520611882534,94.42334,,3663.823188064,71.361,América Latina
Brazil,BRA,2005,82.834,1.47448610796235,98.5295675366113,94.85334,,4827.78173074714,71.832,América Latina
Brazil,BRA,2006,83.143,1.4306793790017,98.6070738849692,93.22120000000001,,5934.14470924968,72.296,América Latina
Brazil,BRA,2007,83.448,1.37853480848858,98.6845802333272,91.58906,73.1817,7409.69130673473,72.73,América Latina
Brazil,BRA,2008,83.749,1.31803948356507,98.7620865816852,97.54903,75.99047,8908.33176538648,73.111,América Latina
Brazil,BRA,2009,84.044,1.24725616163025,98.8395929300431,95.52765,78.79924,8678.6592244676,73.457,América Latina
Brazil,BRA,2010,84.335,1.18653249375701,98.917099278401,95.267515,78.378675,11403.2821278747,73.779,América Latina
Brazil,BRA,2011,84.631,1.16418033957726,98.994605626759,95.00738,77.95811,13396.6243562986,74.047,América Latina
Brazil,BRA,2012,84.923,1.1560321587722,99.0721119751169,98.0755,76.39968,12521.7213519966,74.335,América Latina
Brazil,BRA,2013,85.209,1.14672146411561,99.1496183234749,93.76937,82.04583,12458.8912138813,74.609,América Latina
Brazil,BRA,2014,85.492,1.13788841352877,99.2271246718328,94.84088,81.92489,12274.9939689363,74.823,América Latina
Brazil,BRA,2015,85.77,1.11637082854403,99.3046310201908,94.73055,81.68909,8936.19661712113,75.106,América Latina
Brazil,BRA,2016,86.042,1.07859816711026,99.3821373685487,95.47144,82.32779,8836.28652735657,75.081,América Latina
Brazil,BRA,2017,86.309,1.03807935231539,99.6621372473658,96.29925,81.72855,10080.5092819305,75.383,América Latina
Brazil,BRA,2018,86.569,0.984230272153901,99.7398013937364,,,9300.66164923219,75.633,América Latina
Brazil,BRA,2019,86.824,0.946124107128195,99.817465540107,,,9029.83326681073,75.809,América Latina
Brazil,BRA,2020,87.073,0.865727194353952,99.8220013050854,,,7074.19378337644,74.506,América Latina
Brazil,BRA,2021,87.317,0.705193508220296,99.8221393379292,,,7972.5366498646,73.038,América Latina
Brazil,BRA,2022,87.555,0.632380457299841,99.8221393379292,,,9281.33334441234,74.872,América Latina
Brazil,BRA,2023,87.788,0.661693384781811,,,,10377.5892792557,75.848,América Latina
Canada,CAN,1990,76.582,1.53377878295106,,95.73245,,21525.8611387148,77.4365853658537,América do Norte
Canada,CAN,1991,76.62,1.2923694197517,,98.30903,,21846.7930471354,77.5934146341464,América do Norte
Canada,CAN,1992,76.887,1.53154485269073,,98.06502,,20950.3305287651,77.8380487804878,América do Norte
Canada,CAN,1993,77.152,1.44299824181069,,96.43984,,20186.7988782965,77.7048780487805,América do Norte
Canada,CAN,1994,77.414,1.43427159938135,,95.88897,91.25919,19997.6237373354,77.8717073170732,América do Norte
Canada,CAN,1995,77.675,1.37135156334193,,94.75944,91.308305,20679.634792669,77.9773170731707,América do Norte
Canada,CAN,1996,77.951,1.40000883149644,,95.69298,91.35742,21296.9723536904,78.220243902439,América do Norte
Canada,CAN,1997,78.34,1.49158058077513,,97.34562,91.406535,21901.5628548392,78.4124390243903,América do Norte
Canada,CAN,1998,78.724,1.31887988464124,,98.99826,91.45565,21024.5850687045,78.6236585365854,América do Norte
Canada,CAN,1999,79.103,1.29311680380303,,99.92808,91.504765,22315.2466731545,78.8390243902439,América do Norte
Canada,CAN,2000,79.478,1.40422595439655,99.5065321246459,99.92051,91.55388,24271.0020563821,79.1668292682927,América do Norte
Canada,CAN,2001,79.81,1.50305555316768,99.5065321246459,99.88144,91.602995,23822.096210932,79.3980487804878,América do Norte
Canada,CAN,2002,79.888,1.18247959768791,99.5065321246459,99.84236999999999,91.65211000000001,24256.0192337185,79.5307317073171,América do Norte
Canada,CAN,2003,79.967,0.998066819088336,99.5065321246459,99.8033,91.701225,28301.8645937428,79.7151219512195,América do Norte
Canada,CAN,2004,80.045,1.02967857456355,99.5065321246459,99.76423,91.75034,32145.5412620217,79.9921951219512,América do Norte
Canada,CAN,2005,80.122,1.0432372012864,99.4899818271955,99.72515999999999,91.799455,36383.6600068095,80.1126829268293,América do Norte
Canada,CAN,2006,80.213,1.12707054652933,99.473431529745,99.68609,91.84857,40504.0370977806,80.5436585365854,América do Norte
Canada,CAN,2007,80.396,1.19853785063566,99.4568812322946,99.64702,91.897685,44660.0838892281,80.5436585365854,América do Norte
Canada,CAN,2008,80.578,1.30999473133807,99.4403309348442,99.60794999999999,91.9468,46710.2526864484,80.7246341463415,América do Norte
Canada,CAN,2009,80.758,1.36784331994816,99.4237806373938,99.56888,91.995915,40874.8831932903,81.0660975609756,América do Norte
Canada,CAN,2010,80.937,1.33275742624844,99.4072303399433,99.52981,92.04503,47560.6666009406,81.3221951219512,América do Norte
Canada,CAN,2011,81.096,1.17166448828403,99.3906800424929,99.49073999999999,92.094145,52223.8588398531,81.4826829268293,América do Norte
Canada,CAN,2012,81.137,1.13428882813071,99.3741297450425,99.45167,92.14326,52670.3447335415,81.6636585365854,América do Norte
Canada,CAN,2013,81.178,1.10390220675317,99.3575794475921,99.43231,91.46145,52638.1187235237,81.7448780487805,América do Norte
Canada,CAN,2014,81.218,1.05068500100227,99.3410291501417,99.39113,90.95273,50960.8431174661,81.7843902439025,América do Norte
Canada,CAN,2015,81.259,0.810767765795248,99.3244788526912,99.58907,92.4135,43594.1941045394,81.8258536585366,América do Norte
Canada,CAN,2016,81.3,1.18198361621277,99.3079285552408,99.95587,99.32178,42314.0615817218,81.94,América do Norte
Canada,CAN,2017,81.35,1.25691855703268,99.2913782577904,99.8825,99.80968,45129.628116623,81.8129268292683,América do Norte
Canada,CAN,2018,81.411,1.50818215122913,99.2748279603399,,,46539.1761570405,81.8087804878049,América do Norte
Canada,CAN,2019,81.482,1.54888498160661,99.2582776628895,,,46352.8693445211,82.1636585365854,América do Norte
Canada,CAN,2020,81.562,1.18250319598657,99.2582776628895,,,43537.839298904,81.5351219512195,América do Norte
Canada,CAN,2021,81.653,0.665410421406294,99.2582776628895,,,52886.6616372703,81.5168292682927,América do Norte
Canada,CAN,2022,81.752,1.9250771414666,99.2582776628895,,,56256.8007264015,81.2453658536585,América do Norte
Canada,CAN,2023,81.862,3.03914326883352,,,,54220.3285039875,81.6465853658537,América do Norte
Chile,CHL,1990,83.271,1.82105796800919,,,,2487.76829657299,73.675,América Latina
Chile,CHL,1991,83.398,1.8152942860056,,,,2798.34262413795,74.082,América Latina
Chile,CHL,1992,83.564,1.81129660309087,,,,3351.84108855522,74.367,América Latina
Chile,CHL,1993,83.896,1.95226317262642,,,,3540.91377313015,74.679,América Latina
Chile,CHL,1994,84.223,1.89495944477464,,,,4012.10159912285,74.973,América Latina
Chile,CHL,1995,84.545,1.84554350670834,,,,5081.4682771561,75.298,América Latina
Chile,CHL,1996,84.861,1.78563831477159,,,,5333.50438729711,75.555,América Latina
Chile,CHL,1997,85.172,1.7032879683961,,,,5741.95842989596,75.826,América Latina
Chile,CHL,1998,85.477,1.65730060914394,,,,5419.82417297191,76.324,América Latina
Chile,CHL,1999,85.778,1.60954623107008,,,,4933.55581516755,76.738,América Latina
Chile,CHL,2000,86.073,1.53934443297001,99.1007526645129,,,5052.99245766325,77.128,América Latina
Chile,CHL,2001,86.363,1.49205316910547,99.1513262856356,,,4563.5952986689,77.58,América Latina
Chile,CHL,2002,86.606,1.3847671024188,99.2018999067582,,,4430.84741157984,77.84,América Latina
Chile,CHL,2003,86.665,1.11461080144236,99.2524735278809,,,4773.40177520754,77.884,América Latina
Chile,CHL,2004,86.725,1.07859206336707,99.3030471490035,,,6120.59152055344,78.276,América Latina
Chile,CHL,2005,86.783,1.05933678160231,99.3536207701262,,,7480.32330998636,78.459,América Latina
Chile,CHL,2006,86.842,1.04439619071467,99.4041943912488,,,9318.65655296121,78.533,América Latina
Chile,CHL,2007,86.9,1.04557077117012,99.4547680123715,95.39165,86.66387,10346.4138184533,78.652,América Latina
Chile,CHL,2008,86.959,1.06701110024424,99.5053416334941,95.90266,85.6857,10683.2188772511,78.752,América Latina
Chile,CHL,2009,87.017,1.07554350726426,99.5559152546168,94.26372,83.55124,10098.8017167286,78.89,América Latina
Chile,CHL,2010,87.074,1.07003432693192,99.6064888757394,95.45718,84.80201,12632.8704724192,79.095,América Latina
Chile,CHL,2011,87.132,1.05318961397029,99.6570624968621,94.8,85.24744,14487.3927832032,79.236,América Latina
Chile,CHL,2012,87.189,1.02496382475055,99.7076361179847,94.51162,84.55065,15241.9069981119,79.221,América Latina
Chile,CHL,2013,87.246,1.01909469727517,99.7582097391074,93.65419,87.8075,15683.5486369155,79.551,América Latina
Chile,CHL,2014,87.303,1.06213025545369,99.8087833602301,93.42186,88.54193,14529.6767206336,79.714,América Latina
Chile,CHL,2015,87.36,1.08683499963074,99.8593569813527,93.43477,88.96612,13433.9202987032,80.008,América Latina
Chile,CHL,2016,87.422,1.28036258815826,99.9099306024754,94.0068,88.96576,13649.8520452803,80.295,América Latina
Chile,CHL,2017,87.49,1.66170366915463,99.960504223598,94.74067,88.65187,14879.9086227187,80.61,América Latina
Chile,CHL,2018,87.564,1.86993021866357,100.0,,,15659.4808675628,80.559,América Latina
Chile,CHL,2019,87.643,1.6892969407597,100.0,,,14495.716721687,80.324,América Latina
Chile,CHL,2020,87.727,0.992286211575784,100.0,,,13114.815470545,79.349,América Latina
Chile,CHL,2021,87.817,0.544039359617466,100.0,,,16206.8325493421,78.876,América Latina
Chile,CHL,2022,87.912,0.603909578780234,100.0,,,15405.6165774073,79.176,América Latina
Chile,CHL,2023,88.012,0.653315033293009,,,,17067.0364799154,81.167,América Latina
China,CHN,1990,26.442,4.30967848070248,,96.87553,,318.50335359039,68.155,Ásia
China,CHN,1991,27.312,4.60168513214318,,96.82433,,334.130288119078,68.61,Ásia
China,CHN,1992,28.2,4.42511729026799,,95.8694,,367.822651903542,69.059,Ásia
China,CHN,1993,29.103,4.30154774283787,,94.73328,,378.939353053314,69.492,Ásia
China,CHN,1994,30.024,4.24584059723498,,93.10675,,475.677874448369,69.835,Ásia
China,CHN,1995,30.961,4.15963799418302,,91.30103,,612.680277898627,70.363,Ásia
China,CHN,1996,31.916,4.08605174394273,,90.04399,,713.337387811657,70.823,Ásia
China,CHN,1997,32.883,4.00828550795805,,89.34889,,786.743548510999,71.227,Ásia
China,CHN,1998,33.867,3.90807856569896,,,,835.095348597432,71.601,Ásia
China,CHN,1999,34.865,3.77008872976608,,,,881.146614068925,71.952,Ásia
China,CHN,2000,35.877,3.64925271115854,97.6928820860011,,,969.199513696287,72.288,Ásia
China,CHN,2001,37.093,4.05956575767596,97.6928820860011,,,1065.40597574519,72.675,Ásia
China,CHN,2002,38.425,4.19800114764631,97.7246450378989,,,1163.55957673426,73.034,Ásia
China,CHN,2003,39.776,4.07840352649768,97.7564127227051,,,1306.97245408557,73.385,Ásia
China,CHN,2004,41.144,3.97537212954358,97.7881851404199,,,1530.92726215723,73.727,Ásia
China,CHN,2005,42.522,3.88247297575862,97.8199622910432,,,1777.64496828464,74.085,Ásia
China,CHN,2006,43.868,3.67472809325703,97.8517441745751,,,2129.25696999613,74.404,Ásia
China,CHN,2007,45.199,3.51125555182775,97.8835307910156,,,2734.72709877693,74.789,Ásia
China,CHN,2008,46.539,3.43395768889026,97.9153221403646,,,3523.44302065213,74.833,Ásia
China,CHN,2009,47.88,3.33810246782671,97.9471182226222,,,3898.24459158811,75.317,Ásia
China,CHN,2010,49.226,3.25536549409244,97.9789190377883,,,4629.24551710077,75.668,Ásia
China,CHN,2011,50.511,3.12337717694482,98.010724585863,,,5703.76027973346,75.889,Ásia
China,CHN,2012,51.765,3.13065659552565,98.0425348668462,,,6405.0574241349,76.2,Ásia
China,CHN,2013,53.013,3.048365006284,98.0743498807381,,,7147.03518622344,76.452,Ásia
China,CHN,2014,54.259,2.95349744191833,98.1061696275384,,,7781.06597484974,76.714,Ásia
China,CHN,2015,55.5,2.84287054779151,98.1379941072473,,,8175.33285077393,76.975,Ásia
China,CHN,2016,56.736,2.77564176920889,98.1698233198648,,,8254.86859320357,77.214,Ásia
China,CHN,2017,57.96,2.739663820353,98.2016572653908,,,8979.67652709856,77.235,Ásia
China,CHN,2018,59.152,2.50340050353808,98.2334959438254,,,10085.6638148819,77.709,Ásia
China,CHN,2019,60.308,2.29017723362897,98.2653393551685,,,10342.9009524335,77.94,Ásia
China,CHN,2020,61.428,2.07814005779212,98.2971874994202,,,10627.4637989619,78.019,Ásia
China,CHN,2021,62.512,1.83853028231533,98.3290403765805,,,12887.4357242941,78.117,Ásia
China,CHN,2022,63.56,1.64948085688024,98.3608979866493,,,12970.6056414327,78.202,Ásia
China,CHN,2023,64.57,1.47276196539697,,,,12951.1782397043,77.953,Ásia
Colombia,COL,1990,69.481,2.75051493598735,,,,1474.8455285342,68.701,América Latina
Colombia,COL,1991,69.949,2.68028170399965,,71.93849,,1499.71104164399,68.772,América Latina
Colombia,COL,1992,70.415,2.64493967914,,79.96265,,1729.66397332384,68.764,América Latina
Colombia,COL,1993,70.874,2.6465229919714,,80.63068,,1930.05976548029,69.083,América Latina
Colombia,COL,1994,71.328,2.61055756800303,,81.36268,,2325.97557339326,69.422,América Latina
Colombia,COL,1995,71.777,2.53714949704,,84.46672,,2583.34991436018,69.81,América Latina
Colombia,COL,1996,72.223,2.44074075448323,,89.27669,,2664.45625558215,70.209,América Latina
Colombia,COL,1997,72.662,2.39558054337617,,90.6966,,2873.20018821653,70.632,América Latina
Colombia,COL,1998,73.098,2.38974185125608,,92.11651,,2605.99938059023,70.924,América Latina
Colombia,COL,1999,73.53,2.32758375817456,,93.73617,,2243.64204956242,70.913,América Latina
Colombia,COL,2000,73.957,2.21701592738222,98.3042377166324,93.89445,,2555.00751039968,70.905,América Latina
Colombia,COL,2001,74.379,2.14092870107254,98.3821331324187,92.02846,,2472.99084035833,71.185,América Latina
Colombia,COL,2002,74.797,2.09833642693172,98.4600236115694,92.85234,,2428.92969771584,71.537,América Latina
Colombia,COL,2003,75.211,2.06008158135399,98.5379091540847,92.788955,,2311.94218760291,72.309,América Latina
Colombia,COL,2004,75.62,2.01116680950011,98.6157897599644,92.72557,,2818.57195413044,72.76,América Latina
Colombia,COL,2005,76.024,1.93309058888738,98.6936654292086,94.1217,63.648,3456.06610874512,73.156,América Latina
Colombia,COL,2006,76.423,1.84889281508949,98.7715361618173,92.67949,67.7345,3789.85361217027,73.497,América Latina
Colombia,COL,2007,76.816,1.7798170862019,98.8494019577905,91.89814,70.40955,4769.926147194,73.751,América Latina
Colombia,COL,2008,77.204,1.70722257970394,98.9272628171282,92.72779,71.39134,5541.83629665898,74.206,América Latina
Colombia,COL,2009,77.587,1.65977731300229,99.0051187398303,92.9001,74.13559,5250.97292433518,74.531,América Latina
Colombia,COL,2010,77.964,1.62069642655998,99.0829697258969,91.85368,75.30739,6398.2958447102,74.876,América Latina
Colombia,COL,2011,78.335,1.5460703024052,99.160815775328,91.81058,77.26227,7400.9940695669,75.18,América Latina
Colombia,COL,2012,78.701,1.46904380562017,99.2386568881237,90.2152,75.66677,8108.59838244229,75.611,América Latina
Colombia,COL,2013,79.061,1.40509322999094,99.3164930642837,90.20282,76.31163,8279.10255642981,75.834,América Latina
Colombia,COL,2014,79.415,1.33946598466004,99.3943243038083,90.46317,75.58286,8187.20824890084,75.95,América Latina
Colombia,COL,2015,79.764,1.30344447945465,99.4721506066974,91.9363,75.60237,6248.51490534512,76.067,América Latina
Colombia,COL,2016,80.108,1.42089303576829,99.5499719729509,92.99662,76.20192,5959.84250367574,76.228,América Latina
Colombia,COL,2017,80.446,1.87252030218757,99.627788402569,93.13491,76.5618,6479.53231292429,76.418,América Latina
Colombia,COL,2018,80.778,2.25098695080975,99.6878778577855,92.91999,77.47078,6816.96818309544,76.579,América Latina
Colombia,COL,2019,81.104,2.18891859903695,99.6804390180783,,,6472.54544924705,76.793,América Latina
Colombia,COL,2020,81.425,1.83132885907728,99.6730079504531,,,5339.68711357943,74.757,América Latina
Colombia,COL,2021,81.74,1.48254202183083,99.9211300475059,,,6222.62164397614,72.698,América Latina
Colombia,COL,2022,82.05,1.44682584119146,99.9180793254157,,,6680.44506854481,76.508,América Latina
Colombia,COL,2023,82.354,1.49075099146876,,,,7000.83660501046,77.725,América Latina
"Egypt, Arab Rep.",EGY,1990,43.478,2.62417655219833,,,,735.982935028025,62.513,África
"Egypt, Arab Rep.",EGY,1991,43.345,2.45060377436098,,,,622.829605007867,63.059,África
"Egypt, Arab Rep.",EGY,1992,43.212,2.08218010703287,,,,680.79923864551,63.585,África
"Egypt, Arab Rep.",EGY,1993,43.079,1.99901686371619,,,,740.334217356418,64.147,África
"Egypt, Arab Rep.",EGY,1994,42.946,1.84479310205172,,87.3875,64.5053,807.303537230487,64.663,África
"Egypt, Arab Rep.",EGY,1995,42.814,1.79637102777673,,88.00902666666667,65.12077450000001,916.326617700876,65.214,África
"Egypt, Arab Rep.",EGY,1996,42.681,1.76223034010744,,88.63055333333334,65.736249,1008.97637629447,65.733,África
"Egypt, Arab Rep.",EGY,1997,42.658,2.01865845605054,,89.25208,66.3517235,1146.20172117634,66.207,África
"Egypt, Arab Rep.",EGY,1998,42.704,2.29258179477161,,88.14288,66.96719800000001,1212.82259820477,66.635,África
"Egypt, Arab Rep.",EGY,1999,42.75,2.33822588128336,,87.03368,67.5826725,1268.30949160496,67.01,África
"Egypt, Arab Rep.",EGY,2000,42.797,2.27080020369678,99.4038656497464,86.64983,68.198147,1366.09274372613,67.332,África
"Egypt, Arab Rep.",EGY,2001,42.843,2.23123091489972,99.3990754904601,87.37485,68.81362150000001,1295.1374184163,67.612,África
"Egypt, Arab Rep.",EGY,2002,42.889,2.21103265850915,99.3942835665744,88.29474,69.429096,1116.82884626213,67.846,África
"Egypt, Arab Rep.",EGY,2003,42.935,2.20265129086224,99.3894898780892,89.50439,70.0445705,1031.27556291284,68.045,África
"Egypt, Arab Rep.",EGY,2004,42.981,2.17145885308102,99.3846944250044,90.66548,70.660045,991.255689145253,68.211,África
"Egypt, Arab Rep.",EGY,2005,43.027,2.1291757005357,99.3798972073201,89.13222,71.2755195,1105.53920713903,68.355,África
"Egypt, Arab Rep.",EGY,2006,43.073,2.05976707200483,99.3750982250363,88.2461,71.890994,1298.97900203124,68.493,África
"Egypt, Arab Rep.",EGY,2007,43.078,1.89913796375977,99.370297478153,92.40917,72.5064685,1547.74170735909,68.627,África
"Egypt, Arab Rep.",EGY,2008,43.058,1.82096691923839,99.3654949666702,92.98358999999999,73.121943,1896.21594269779,68.761,África
"Egypt, Arab Rep.",EGY,2009,43.039,1.84422823324846,99.3606906905878,93.55801,73.7374175,2161.63964573927,68.915,África
"Egypt, Arab Rep.",EGY,2010,43.019,1.87147071601259,99.355884649906,95.94726,74.352892,2455.08194645282,69.078,África
"Egypt, Arab Rep.",EGY,2011,43.0,2.06028408716347,99.3510768446246,93.51389,74.9683665,2590.64384891965,69.232,África
"Egypt, Arab Rep.",EGY,2012,42.946,2.11909736126093,99.3462672747438,98.53698,75.583841,2996.0677072015,69.464,África
"Egypt, Arab Rep.",EGY,2013,42.893,2.18177813093635,99.3414559402633,98.28193999999999,76.1993155,3025.52563552448,69.632,África
"Egypt, Arab Rep.",EGY,2014,42.839,2.15046510259925,99.3366428411835,98.0269,76.81479,3133.39102265541,69.911,África
"Egypt, Arab Rep.",EGY,2015,42.785,1.97279340847829,99.331827977504,97.74148,78.77816,3306.98159414141,70.135,África
"Egypt, Arab Rep.",EGY,2016,42.732,1.91073096804012,99.3270113492251,97.45606,80.74153,3270.6287768197,70.437,África
"Egypt, Arab Rep.",EGY,2017,42.705,1.93497312387388,99.3221929563467,97.02531,81.65996,2395.10333299491,70.709,África
"Egypt, Arab Rep.",EGY,2018,42.704,1.89479603052509,99.3101169699121,97.03257,82.77635,2484.70315630508,70.974,África
"Egypt, Arab Rep.",EGY,2019,42.73,1.8158401161218,99.2980409834775,,,2962.98892023003,71.213,África
"Egypt, Arab Rep.",EGY,2020,42.783,1.74891361285831,99.285964997043,,,3511.11381026379,69.79,África
"Egypt, Arab Rep.",EGY,2021,42.862,1.67528731827502,99.285964997043,,,3827.35415374308,68.976,África
"Egypt, Arab Rep.",EGY,2022,42.967,1.73076817143477,99.285964997043,,,4233.30783744856,71.01,África
"Egypt, Arab Rep.",EGY,2023,43.1,1.9974045898278,,,,3456.78968456253,71.633,África
France,FRA,1990,74.056,0.690466474073109,,99.91749,82.68329,21586.4674617483,76.6,Europa
France,FRA,1991,74.229,0.735375647314326,,99.98827,85.57227,21500.7778366233,76.8487804878049,Europa
France,FRA,1992,74.401,0.729472867856901,,99.21937,88.46125,23615.0168565483,77.1,Europa
France,FRA,1993,74.572,0.664520115160345,,97.83304,89.6024,22238.8250618434,77.3,Europa
France,FRA,1994,74.743,0.603567669209134,,97.79167,95.50216,23359.8985104774,77.6487804878049,Europa
France,FRA,1995,74.912,0.590012886624299,,98.94106,96.21678,26791.8151982369,77.7512195121951,Europa
France,FRA,1996,75.082,0.584124884368921,,99.94659,95.53034,26757.6351494145,77.9536585365854,Europa
France,FRA,1997,75.25,0.580267307863243,,99.9391,94.93124,24169.4008102822,78.3048780487805,Europa
France,FRA,1998,75.417,0.592220169111909,,97.950925,92.520115,24869.4030795939,78.6048780487805,Europa
France,FRA,1999,75.614,0.776734891216184,,95.96275,90.10899,24576.3152254528,78.7560975609756,Europa
France,FRA,2000,75.871,1.02564227688628,100.0,95.59312,89.91505,22340.5939516217,79.0560975609756,Europa
France,FRA,2001,76.127,1.06584082988598,100.0,95.50102,89.6317,22331.7948343036,79.1585365853659,Europa
France,FRA,2002,76.38,1.05882182663616,100.0,95.43218,89.28409,24144.5727019529,79.2609756097561,Europa
France,FRA,2003,76.632,1.03502543531636,100.0,95.19437,89.03434,29479.5222101175,79.1146341463415,Europa
France,FRA,2004,76.883,1.05962967042632,100.0,95.15357,88.89251,33644.9282220364,80.1634146341463,Europa
France,FRA,2005,77.13,1.07263792717604,100.0,98.55515,92.63271,34696.3718316971,80.1634146341463,Europa
France,FRA,2006,77.377,1.01606570060309,100.0,98.57178,92.66312,36431.5658906555,80.8121951219512,Europa
France,FRA,2007,77.621,0.933067463897941,100.0,98.49684,92.60787,41486.1907828787,81.1121951219512,Europa
France,FRA,2008,77.868,0.875727966355776,100.0,98.06303,92.59771,45464.8181385158,81.2146341463415,Europa
France,FRA,2009,78.117,0.83261417537639,100.0,97.70589,92.6832,41728.0884164132,81.4146341463415,Europa
France,FRA,2010,78.369,0.815048832315932,100.0,97.35002,92.55883,40694.8211697025,81.6634146341463,Europa
France,FRA,2011,78.622,0.804979040216036,100.0,98.37009,92.86607,43929.7840873812,82.1146341463415,Europa
France,FRA,2012,78.878,0.808794762963873,100.0,98.27769,93.22666,40863.5814412333,81.9682926829268,Europa
France,FRA,2013,79.135,0.842204570104505,100.0,98.30237,93.39347,42669.1795111893,82.219512195122,Europa
France,FRA,2014,79.394,0.801602266834833,100.0,97.56809,92.95679,43148.0459288416,82.719512195122,Europa
France,FRA,2015,79.655,0.683771061907009,100.0,98.43569,93.58103,36702.4323733379,82.3219512195122,Europa
France,FRA,2016,79.917,0.592247248892875,100.0,98.82171,93.95576,37024.2157133669,82.5731707317073,Europa
France,FRA,2017,80.18,0.618752778579461,100.0,98.92727,94.66595,38687.1626407164,82.5756097560976,Europa
France,FRA,2018,80.444,0.687212829279783,100.0,,,41418.1766484844,82.6756097560976,Europa
France,FRA,2019,80.709,0.661441007392893,100.0,,,40408.2848574751,82.8268292682927,Europa
France,FRA,2020,80.975,0.653594576371169,100.0,,,39169.8606000707,82.1756097560976,Europa
France,FRA,2021,81.242,0.686091869029281,100.0,,,43725.0999521245,82.3243902439024,Europa
France,FRA,2022,81.509,0.655100354084571,100.0,,,41082.8119320747,82.1292682926829,Europa
France,FRA,2023,81.777,0.654577589532647,,,,44690.9345395117,82.9292682926829,Europa
Germany,DEU,1990,73.118,1.05636514177316,,,,22385.6778250275,75.0856341463415,Europa
Germany,DEU,1991,73.269,0.934907555206193,,,,23443.3350818536,75.319512195122,Europa
Germany,DEU,1992,73.36,0.88447037688919,,,,26559.8543879632,75.819512195122,Europa
Germany,DEU,1993,73.497,0.843967294783864,,,,25616.6508772405,75.8707317073171,Europa
Germany,DEU,1994,73.71,0.636244936375524,,,,27201.9593555204,76.2707317073171,Europa
Germany,DEU,1995,73.922,0.58110599730858,,,,31747.2449398447,76.4219512195122,Europa
Germany,DEU,1996,74.133,0.574504624313762,,,,30599.7891048363,76.6731707317073,Europa
Germany,DEU,1997,74.342,0.427841044089846,,,,27046.9565464237,77.0731707317073,Europa
Germany,DEU,1998,74.551,0.295882538084872,,,,27395.9440608051,77.4756097560976,Europa
Germany,DEU,1999,74.758,0.341913193688455,,86.86843,,26965.4922773722,77.7268292682927,Europa
Germany,DEU,2000,74.965,0.411941893833571,100.0,86.46473,,23925.8559901991,77.9268292682927,Europa
Germany,DEU,2001,75.17,0.441313650311012,100.0,82.93565,,23878.3641471651,78.3292682926829,Europa
Germany,DEU,2002,75.374,0.439144630807111,100.0,84.71067,89.58207,25486.5942008748,78.2292682926829,Europa
Germany,DEU,2003,75.577,0.324324959275838,100.0,84.99832,89.62782,30711.1022511331,78.3804878048781,Europa
Germany,DEU,2004,75.779,0.245211652539077,100.0,86.23536,89.76944,34566.7359143735,78.6804878048781,Europa
Germany,DEU,2005,75.98,0.208115300433845,100.0,87.00548,90.09314,35084.4363546269,78.9317073170732,Europa
Germany,DEU,2006,76.179,0.148771505773609,100.0,88.30855,89.71943,36980.3349948954,79.1317073170732,Europa
Germany,DEU,2007,76.378,0.127167671405373,100.0,88.72921,89.12277,42350.9217211489,79.5341463414634,Europa
Germany,DEU,2008,76.575,0.0674524949232638,100.0,88.31105,89.52043,46386.3295924799,79.7365853658537,Europa
Germany,DEU,2009,76.771,0.00224726200833851,100.0,88.027,88.17308,42487.2137101496,79.8365853658537,Europa
Germany,DEU,2010,76.966,0.100481934472227,100.0,88.84321,88.12181,42409.9356994694,79.9878048780488,Europa
Germany,DEU,2011,77.16,-1.60197231472939,100.0,88.51651,88.47512,47646.582043143,80.4365853658537,Europa
Germany,DEU,2012,77.17,0.200687484378332,100.0,88.29428,88.0323,44735.5882319701,80.5390243902439,Europa
Germany,DEU,2013,77.18,0.285857246854236,100.0,87.93699,87.32363,47220.0102098851,80.490243902439,Europa
Germany,DEU,2014,77.19,0.429833546326634,100.0,87.89669,86.63283,48971.0824722599,81.090243902439,Europa
Germany,DEU,2015,77.2,0.87865693932128,100.0,89.23147,86.12309,41911.0109851054,80.6414634146341,Europa
Germany,DEU,2016,77.224,0.838301068113641,100.0,90.41737,85.46939,42961.0356905775,80.990243902439,Europa
Germany,DEU,2017,77.261,0.421625391544917,100.0,90.14286,85.29882,45526.5999576533,80.9926829268293,Europa
Germany,DEU,2018,77.312,0.366515155973305,100.0,,,48874.8595028454,80.8926829268293,Europa
Germany,DEU,2019,77.376,0.30826693577482,100.0,,,47623.8656074829,81.2926829268293,Europa
Germany,DEU,2020,77.453,0.181157523178267,100.0,,,47379.765194548,81.0414634146342,Europa
Germany,DEU,2021,77.544,0.15974977086524,100.0,,,52265.6541620571,80.790243902439,Europa
Germany,DEU,2022,77.648,0.854901972242501,100.0,,,49686.1154582583,80.6080487804878,Europa
Germany,DEU,2023,77.765,0.274523691941495,,,,53940.4073447462,80.5414634146342,Europa
Ghana,GHA,1990,36.441,4.55273436480377,,,,382.54246368354,55.395,África
Ghana,GHA,1991,37.17,4.5005685379106,,,,418.254121349986,55.722,África
Ghana,GHA,1992,37.905,4.44387372608412,,,,396.426407640517,56.055,África
Ghana,GHA,1993,38.644,4.400376634585,,,,359.800844097528,56.286,África
Ghana,GHA,1994,39.39,4.31620437440141,,,,320.50390343252,56.234,África
Ghana,GHA,1995,40.14,4.24622719384629,,,,371.537243033836,56.662,África
Ghana,GHA,1996,40.896,4.2015577706783,,,,389.271267898831,56.957,África
Ghana,GHA,1997,41.654,4.21547446887392,,,,377.841935501461,57.241,África
Ghana,GHA,1998,42.418,4.24990040763587,,,,400.366799508524,57.525,África
Ghana,GHA,1999,43.184,4.23093178990688,,59.06458,31.73723,403.037326127273,57.835,África
Ghana,GHA,2000,43.929,4.22290349838167,79.6130635261111,62.47976,32.14966,253.746936203344,58.139,África
Ghana,GHA,2001,44.601,4.18125850303423,79.9920720828165,57.346,30.42478,263.542156494853,58.403,África
Ghana,GHA,2002,45.275,4.25001054754055,80.8343937747694,59.89725,31.88805,297.46164468774,58.709,África
Ghana,GHA,2003,45.951,4.18206230769679,81.6810851887988,59.57402,32.85822,358.39927142073,59.014,África
Ghana,GHA,2004,46.63,4.1154097933541,82.5321463249047,61.639799999999994,34.756835,406.132105329565,59.316,África
Ghana,GHA,2005,47.308,4.06628987768918,83.3875771830872,63.70558,36.65545,478.611909191028,59.638,África
Ghana,GHA,2006,47.988,4.02682942083037,84.2473777633463,62.81248,38.06956,906.441027564887,59.975,África
Ghana,GHA,2007,48.669,3.98656127647647,85.1115480656818,68.15086,43.33563,1050.12461524926,60.282,África
Ghana,GHA,2008,49.351,3.92935424919473,85.9800880900939,73.32313,44.01556,1182.65761256016,60.578,África
Ghana,GHA,2009,50.031,3.86375873402573,86.8529978365825,72.36103,42.53878,1047.70430093586,60.928,África
Ghana,GHA,2010,50.713,3.78696347210332,87.7302773051477,76.474925,45.0698925,1263.89251760539,61.297,África
Ghana,GHA,2011,51.394,3.73889125705048,88.6119264957894,80.58882,47.601005,1507.43573198753,61.617,África
Ghana,GHA,2012,52.073,3.73241746653644,89.4979454085075,79.38927,50.1321175,1543.77524235764,61.995,África
Ghana,GHA,2013,52.748,3.69720909689994,90.3883340433023,84.93016,52.66323,2294.79584693743,62.397,África
Ghana,GHA,2014,53.419,3.62904900429012,91.2830924001737,86.99201,52.13977,1949.90832923846,62.832,África
Ghana,GHA,2015,54.086,3.54801379329855,92.1822204791216,89.28957,55.58338,1722.77282833606,63.175,África
Ghana,GHA,2016,54.749,3.49458936234245,93.085718280146,86.38027,55.43891,1912.47991339951,63.522,África
Ghana,GHA,2017,55.407,3.39004130859019,93.9935858032469,85.1822,55.4414,2012.28662641265,63.829,África
Ghana,GHA,2018,56.06,3.24682930508169,94.9058230484242,84.48045,58.2609,2195.32166016377,64.138,África
Ghana,GHA,2019,56.707,3.15531782740041,95.8224300156782,86.15823,57.24406,2186.65822682613,64.455,África
Ghana,GHA,2020,57.349,3.11759647032636,96.7434067050089,,,2195.45481659987,64.309,África
Ghana,GHA,2021,57.985,3.06193907247564,97.6687531164159,,,2445.18662529344,64.286,África
Ghana,GHA,2022,58.615,3.00091553674379,98.4258345054467,,,2229.89122647803,65.246,África
Ghana,GHA,2023,59.238,2.96586184472786,,,,2383.90410483418,65.498,África
India,IND,1990,25.547,3.16491949005405,,77.12007,,371.085936203765,58.618,Ásia
India,IND,1991,25.778,3.06792914685436,,77.358818,,305.574055928592,59.032,Ásia
India,IND,1992,25.984,2.9259399437206,,77.597566,,319.182472626315,59.445,Ásia
India,IND,1993,26.191,2.89334846382694,,77.836314,,302.884806246174,59.823,Ásia
India,IND,1994,26.399,2.83538316785635,,78.075062,,347.73421473994,60.237,Ásia
India,IND,1995,26.607,2.79778719770063,,78.31380999999999,,375.17600537305,60.63,Ásia
India,IND,1996,26.817,2.78392654688193,,78.55255799999999,,401.046754673579,61.027,Ásia
India,IND,1997,27.028,2.75016023477924,,78.79130599999999,,416.228116203753,61.439,Ásia
India,IND,1998,27.24,2.7172755501273,,79.03005399999999,,413.630864056851,61.852,Ásia
India,IND,1999,27.453,2.6809260825394,,79.268802,,441.927991436397,62.284,Ásia
India,IND,2000,27.667,2.65589005019685,91.8286599141163,79.50755,,442.750218937263,62.749,Ásia
India,IND,2001,27.918,2.77373549185794,92.0062390277421,79.37586,,450.357900514128,63.158,Ásia
India,IND,2002,28.244,2.97223454778002,92.1849749730231,78.99802,,469.149928973927,63.649,Ásia
India,IND,2003,28.572,2.88899935298781,92.36371537525,83.57377,,544.143133545002,64.086,Ásia
India,IND,2004,28.903,2.85538829444829,92.5424602344226,85.46157249999999,,624.258826510066,64.484,Ásia
India,IND,2005,29.235,2.77354411416415,92.7212095505411,87.349375,,710.488080408949,64.939,Ásia
India,IND,2006,29.569,2.7001145124616,92.8999633236053,89.2371775,,801.668353659022,65.373,Ásia
India,IND,2007,29.906,2.63925287699225,93.0787215536154,91.12498,,1021.88707706826,65.803,Ásia
India,IND,2008,30.246,2.56925318763011,93.2574842405711,90.8729,,992.519584923828,66.247,Ásia
India,IND,2009,30.587,2.56713114381987,93.4362513844727,90.65366,,1094.94974598436,66.7,Ásia
India,IND,2010,30.93,2.56975419932202,93.6150229853201,90.95531,,1347.51939071367,67.162,Ásia
India,IND,2011,31.276,2.52927200382207,93.7937990431133,90.37191,,1445.46127486037,67.623,Ásia
India,IND,2012,31.634,2.51220220506384,93.9725795578522,91.57155,,1429.32199520032,68.076,Ásia
India,IND,2013,32.003,2.49241988452623,94.151364529537,92.25734,61.63147,1432.84397512195,68.499,Ásia
India,IND,2014,32.384,2.44477300473316,94.3301539581675,,,1553.88396075118,68.932,Ásia
India,IND,2015,32.777,2.39911321515385,94.5089478437438,,,1583.99815907985,69.326,Ásia
India,IND,2016,33.182,2.41968056155422,94.6877461862659,,,1707.50892912243,69.709,Ásia
India,IND,2017,33.6,2.41424679769757,94.8665489857338,,,1950.10468280866,70.068,Ásia
India,IND,2018,34.03,2.3689412065142,95.0453562421475,,,1966.25455171679,70.415,Ásia
India,IND,2019,34.472,2.33050520161306,95.224167955507,,,2041.42863698585,70.746,Ásia
India,IND,2020,34.926,2.28185236741633,95.4029841258122,,,1907.04251637669,70.156,Ásia
India,IND,2021,35.393,2.15090056523008,95.5818047530632,,,2239.61384367482,67.282,Ásia
India,IND,2022,35.872,2.13449924103946,95.76062983726,,,2347.44829434623,71.698,Ásia
India,IND,2023,36.364,2.2455122213564,,,,2530.12031278204,72.003,Ásia
Indonesia,IDN,1990,30.584,4.91254143662112,,96.23255,,578.420121135382,63.249,Ásia
Indonesia,IDN,1991,31.613,5.07927911942628,,95.32152,,624.387495384411,63.703,Ásia
Indonesia,IDN,1992,32.703,5.1230658424966,,94.45806,,673.67103954742,64.182,Ásia
Indonesia,IDN,1993,33.808,5.02464788680881,,93.25455,,817.395116417856,64.851,Ásia
Indonesia,IDN,1994,34.933,4.95939980436063,,93.78734,,899.793982949817,65.041,Ásia
Indonesia,IDN,1995,36.076,4.88237356077633,,93.61081,41.82443,1011.22614205568,65.263,Ásia
Indonesia,IDN,1996,37.235,4.80759795643187,,92.51603,43.11869166666666,1118.92133024129,65.465,Ásia
Indonesia,IDN,1997,38.406,4.72276006005262,,92.46189,44.412953333333334,1044.60674832472,65.774,Ásia
Indonesia,IDN,1998,39.593,4.62458110276512,,92.3322125,45.707215000000005,454.877800792123,65.942,Ásia
Indonesia,IDN,1999,40.792,4.48653585547414,,92.202535,47.00147666666667,657.268934667018,66.001,Ásia
Indonesia,IDN,2000,42.002,4.35556512633582,89.1081696163775,92.0728575,48.29573833333333,763.711124950924,66.292,Ásia
Indonesia,IDN,2001,42.783,3.2303780024209,89.5206189627429,91.94318,49.59,732.307093405708,66.583,Ásia
Indonesia,IDN,2002,43.568,3.1739375610741,89.9330683091083,91.32723,50.80151,881.002913569131,66.954,Ásia
Indonesia,IDN,2003,44.356,3.1162861481509,90.3455176554737,90.64128,53.46558,1043.2105838671,67.134,Ásia
Indonesia,IDN,2004,45.149,3.04302647336101,90.7579670018391,89.73712,54.89742,1126.84004447173,65.521,Ásia
Indonesia,IDN,2005,45.942,3.02496597147716,91.1704163482045,88.93075,53.3964,1238.21447629488,67.531,Ásia
Indonesia,IDN,2006,46.738,3.04303603163809,91.5927459751595,91.79173,57.5779,1558.31562847163,67.664,Ásia
Indonesia,IDN,2007,47.535,3.01173987307488,92.0151645950771,93.81578,64.8416,1823.21976255073,67.914,Ásia
Indonesia,IDN,2008,48.335,2.9663153881719,92.4376722079573,93.13418,64.02634,2124.55483920618,68.085,Ásia
Indonesia,IDN,2009,49.134,2.90651933845336,92.8602688138002,93.76106,64.76545,2218.48541852977,68.267,Ásia
Indonesia,IDN,2010,49.914,2.83556718831836,93.2829544126055,94.22952,66.64897,3065.68348377765,68.364,Ásia
Indonesia,IDN,2011,50.595,2.6318121610775,93.7057290043736,93.73808,72.91917,3579.46442466152,68.629,Ásia
Indonesia,IDN,2012,51.276,2.62284309558639,94.1285925891043,92.85318,74.17695,3632.27254030331,68.862,Ásia
Indonesia,IDN,2013,51.955,2.55589488051361,94.5515451667976,90.5756,75.36034,3566.60284506078,69.064,Ásia
Indonesia,IDN,2014,52.635,2.47569495149606,94.9745867374533,90.00059,75.21275,3441.06808464008,69.292,Ásia
Indonesia,IDN,2015,53.313,2.40223068046307,95.3977173010718,91.38662500000001,75.77185,3288.22269725538,69.52,Ásia
Indonesia,IDN,2016,53.989,2.33449995855216,95.820936857653,92.77266,76.75827333333334,3521.46943457574,69.733,Ásia
Indonesia,IDN,2017,54.659,2.25568566083503,96.2442454071966,94.09782,77.74469666666667,3798.88326174526,69.953,Ásia
Indonesia,IDN,2018,55.325,2.18084345617618,96.6676429497029,93.4963,78.73112,3860.95353090726,70.08,Ásia
Indonesia,IDN,2019,55.985,2.12149603339944,97.0911294851718,,,4106.94856160358,70.349,Ásia
Indonesia,IDN,2020,56.641,2.01473168365062,97.5042017822755,,,3853.70288774146,68.817,Ásia
Indonesia,IDN,2021,57.29,1.84390014075357,97.917274079379,,,4287.17313995098,67.452,Ásia
Indonesia,IDN,2022,57.934,1.86388471386906,98.3303463764827,,,4730.83484836107,70.925,Ásia
Indonesia,IDN,2023,58.572,1.93789941893792,,,,4876.30774512252,71.146,Ásia
Italy,ITA,1990,66.726,0.0537393805274748,,,,20873.7834092719,76.9707317073171,Europa
Italy,ITA,1991,66.706,0.0392535418060194,,,,22007.1350964074,77.0195121951219,Europa
Italy,ITA,1992,66.742,0.121878595507805,,,,23297.0460325456,77.419512195122,Europa
Italy,ITA,1993,66.802,0.150993200701863,,,,18781.9529427137,77.7219512195122,Europa
Italy,ITA,1994,66.862,0.110149317664983,,,,19382.2002150155,77.9219512195122,Europa
Italy,ITA,1995,66.922,0.0912844846717047,,97.06267,,20712.1798690324,78.1707317073171,Europa
Italy,ITA,1996,66.982,0.117720946939261,,98.22957,,23122.9337219116,78.5219512195122,Europa
Italy,ITA,1997,67.042,0.142443745434026,,99.13519,,21883.9872666651,78.8243902439024,Europa
Italy,ITA,1998,67.102,0.118229703401032,,98.98276999999999,,22365.1837644545,78.9756097560976,Europa
Italy,ITA,1999,67.162,0.106198406299854,,98.83035,85.169,22049.9990620261,79.4243902439024,Europa
Italy,ITA,2000,67.222,0.134599938879629,,98.4748,86.75838,20190.0035636084,79.7780487804878,Europa
Italy,ITA,2001,67.282,0.150439492360683,,98.66252,88.25124,20570.4385917862,80.1268292682927,Europa
Italy,ITA,2002,67.382,0.346372505269669,,98.59154,90.55396,22451.3964379368,80.2292682926829,Europa
Italy,ITA,2003,67.501,0.716869317153938,,98.44817,91.21779,27577.5700319855,79.9829268292683,Europa
Italy,ITA,2004,67.62,0.920749449012256,,98.64055,92.39098,31348.1901841445,80.7804878048781,Europa
Italy,ITA,2005,67.738,0.758004821719068,,98.408,92.36553,32062.723833669,80.7829268292683,Europa
Italy,ITA,2006,67.856,0.574129296157132,,98.39118,93.35992,33537.1286994269,81.2829268292683,Europa
Italy,ITA,2007,67.974,0.78214195007069,,98.43845,92.96982,37826.1754554823,81.4341463414634,Europa
Italy,ITA,2008,68.092,0.944736516305091,,98.24087,95.20962,40828.5795580937,81.4853658536585,Europa
Italy,ITA,2009,68.209,0.751429368256361,,97.61927,95.03722,37099.6133958219,81.6365853658537,Europa
Italy,ITA,2010,68.327,0.615072907991256,,97.63938,96.34992,35856.8625485539,82.0365853658537,Europa
Italy,ITA,2011,68.444,0.517256562138502,,97.18455,94.32707,38432.3742820019,82.1878048780488,Europa
Italy,ITA,2012,68.684,0.623551281411021,,97.42164,93.97184,34854.3949441965,82.2390243902439,Europa
Italy,ITA,2013,68.979,0.628357761076815,,97.81952,95.33671,35701.6746002376,82.690243902439,Europa
Italy,ITA,2014,69.272,0.438943096607267,,97.13266,95.40623,36028.3494022349,83.090243902439,Europa
Italy,ITA,2015,69.565,0.270935792265514,,96.56912,95.55489,30639.8829751432,82.5439024390244,Europa
Italy,ITA,2016,69.855,0.225918558558133,,96.00704,95.07944,31391.5692898108,83.2439024390244,Europa
Italy,ITA,2017,70.144,0.224760677715155,,95.65574,94.66346,32844.115660604,82.9463414634147,Europa
Italy,ITA,2018,70.438,0.661965288775727,,,,34904.1081923834,83.3463414634146,Europa
Italy,ITA,2019,70.736,-0.277836405816622,,,,33812.788724868,83.4975609756098,Europa
Italy,ITA,2020,71.039,-0.0596580808105052,,,,32091.4866621366,82.1951219512195,Europa
Italy,ITA,2021,71.346,-0.0843723464907017,,,,36852.5425414951,82.6463414634146,Europa
Italy,ITA,2022,71.657,0.232653944597574,,,,35653.9042103495,82.7,Europa
Italy,ITA,2023,71.973,0.405799964250842,,,,39065.4244365633,83.7,Europa
Kenya,KEN,1990,16.748,5.02324432126322,,,,374.458992895562,58.334,África
Kenya,KEN,1991,17.043,4.98604314338967,,,,344.722642127742,57.826,África
Kenya,KEN,1992,17.342,4.8040103680553,,,,336.68139978696,57.095,África
Kenya,KEN,1993,17.645,4.70096139378496,,,,228.998032843434,56.668,África
Kenya,KEN,1994,17.952,4.62830293249948,,,,276.447871981244,56.101,África
Kenya,KEN,1995,18.263,4.5566320987582,,,,340.064842175429,55.856,África
Kenya,KEN,1996,18.579,4.46825208829689,,,,440.527078880876,55.575,África
Kenya,KEN,1997,18.898,4.4351805897719,,,,466.723814611399,55.478,África
Kenya,KEN,1998,19.222,4.45950896000862,,,,487.883239905452,55.568,África
Kenya,KEN,1999,19.55,4.57628466333603,,60.99233,,433.721235701305,55.866,África
Kenya,KEN,2000,19.892,4.74718519800371,87.7605111883893,63.70743,32.8737,414.626365130846,56.084,África
Kenya,KEN,2001,20.239,4.86566918968172,87.6972145318353,64.82191,33.565205,410.700452474814,56.501,África
Kenya,KEN,2002,20.591,4.87053014757163,87.6338481501238,59.55194,34.25671,402.936385605382,56.759,África
Kenya,KEN,2003,20.948,4.80419904790051,87.5704120432548,70.65569,35.80986,442.898457253405,57.369,África
Kenya,KEN,2004,21.31,4.81814358813451,87.5069062112284,68.99043,38.54144,463.662781300121,57.947,África
Kenya,KEN,2005,21.675,4.77054360924864,87.4433306540445,69.58856,40.25251,523.456312433863,58.51,África
Kenya,KEN,2006,22.045,4.73968245397193,87.3796853717031,68.69264,41.16133,699.80237063381,59.059,África
Kenya,KEN,2007,22.42,4.70895850350629,87.3159703642043,78.52198,43.23433,840.201439476765,59.407,África
Kenya,KEN,2008,22.8,4.71036612868969,87.252185631548,74.7547,47.81761,915.54435473604,59.955,África
Kenya,KEN,2009,23.183,4.68697832510865,87.1883311737343,75.94578,47.42096,1047.9678324485,60.483,África
Kenya,KEN,2010,23.571,4.56137741525597,87.1244069907631,77.28646,,1091.51873101194,60.915,África
Kenya,KEN,2011,23.969,4.42456305966733,87.0604130826344,78.62714,,1096.14499807675,61.283,África
Kenya,KEN,2012,24.376,4.29184343546766,86.9963494493482,79.96782,,1285.00536171512,61.537,África
Kenya,KEN,2013,24.794,4.17237011387929,86.9322160909046,,,1370.87885214659,61.729,África
Kenya,KEN,2014,25.221,4.04654354354611,86.8680130073035,,,1482.81566253497,61.99,África
Kenya,KEN,2015,25.658,3.94487350039317,86.803740198545,,,1489.11959777284,62.279,África
Kenya,KEN,2016,26.105,3.93489984020435,86.7393976646289,,,1554.12610314423,62.526,África
Kenya,KEN,2017,26.562,3.90960950314123,86.6749854055555,,,1667.48447230835,62.725,África
Kenya,KEN,2018,27.03,3.77740798679474,86.6105034213245,,,1836.45275528993,62.825,África
Kenya,KEN,2019,27.507,3.71313408337553,86.5459517119361,,,1960.40808854893,62.939,África
Kenya,KEN,2020,27.995,3.72051653733233,86.4813302773902,,,1927.66459027849,61.596,África
Kenya,KEN,2021,28.493,3.66365845337805,86.4166391176868,,,2061.35622089594,61.225,África
Kenya,KEN,2022,29.002,3.69361253636453,86.351878232826,,,2109.56288513137,63.549,África
Kenya,KEN,2023,29.52,3.7532812126178,,,,1952.30457929636,63.646,África
Mexico,MEX,1990,71.419,2.5679471378146,,98.37444,46.72132,3154.46920349038,69.034,América Latina
Mexico,MEX,1991,71.816,2.48012952001625,,98.00907,46.10101,3708.8420548157,69.368,América Latina
Mexico,MEX,1992,72.209,2.4396022451471,,98.24972,46.63738,4220.56643677057,69.663,América Latina
Mexico,MEX,1993,72.598,2.38995356196324,,97.81289,47.173750000000005,6048.34840388099,69.961,América Latina
Mexico,MEX,1994,72.985,2.34660758912388,,97.01748,47.71012,6202.36588372862,70.302,América Latina
Mexico,MEX,1995,73.368,2.30362563265021,,96.53171,49.32331,4183.87847727479,70.703,América Latina
Mexico,MEX,1996,73.67,2.14580980725064,,96.06523,51.15111,4674.36792733681,71.088,América Latina
Mexico,MEX,1997,73.929,2.03326834865859,,96.07538,52.429323333333336,5567.35599516667,71.472,América Latina
Mexico,MEX,1998,74.186,1.98637579240634,,96.73013,53.70753666666667,5832.69342004468,71.792,América Latina
Mexico,MEX,1999,74.441,1.94206898823272,,97.53816,54.98575,6499.97182950425,72.203,América Latina
Mexico,MEX,2000,74.722,1.91949543222186,95.5343629843087,97.67057,56.09204,7524.0271380091,72.562,América Latina
Mexico,MEX,2001,75.045,1.91436842241481,95.7838197781293,97.91024,58.25376,7952.76479510706,72.912,América Latina
Mexico,MEX,2002,75.365,1.863208702187,96.033431032144,97.5509,60.41548,7983.03398381759,73.106,América Latina
Mexico,MEX,2003,75.682,1.81800212759705,96.2831967463527,97.53576,63.26205,7434.07465031562,73.308,América Latina
Mexico,MEX,2004,75.997,1.78065972858149,96.5331169207555,97.66046,65.15369,7849.66759649565,73.432,América Latina
Mexico,MEX,2005,76.308,1.75696966531048,96.7831915553525,97.87734,66.67768,8671.75891885163,73.627,América Latina
Mexico,MEX,2006,76.616,1.756565119825,97.0334206501435,98.05008,67.83849,9512.63575346699,73.746,América Latina
Mexico,MEX,2007,76.92,1.80388946529177,97.2838042051286,98.0127,68.93457,10134.3327129706,73.796,América Latina
Mexico,MEX,2008,77.222,1.8520033408451,97.5315983313414,98.08626,69.60395,10523.7685427665,73.695,América Latina
Mexico,MEX,2009,77.52,1.8470748581576,97.7472846943321,98.23304,69.68225,8423.56933214711,73.628,América Latina
Mexico,MEX,2010,77.815,1.81956922936051,97.9629710573228,98.0771,70.08479,9728.80078237782,73.718,América Latina
Mexico,MEX,2011,78.111,1.79501599820816,98.1786574203135,97.98488,70.65515,10664.4944046282,73.921,América Latina
Mexico,MEX,2012,78.405,1.73284463676337,98.3943437833042,97.92299,71.82661,10744.1335229686,74.128,América Latina
Mexico,MEX,2013,78.699,1.6715833844278,98.6100301462949,97.57591,75.56968,11216.800851866,74.289,América Latina
Mexico,MEX,2014,78.993,1.58290540932982,98.8257165092856,96.79833,77.66257,11391.3773510244,74.404,América Latina
Mexico,MEX,2015,79.285,1.43853573514861,99.0414028722763,96.07343,80.02575,10021.2386124039,74.431,América Latina
Mexico,MEX,2016,79.577,1.33673950862462,99.257089235267,95.69118,81.22278,9097.92397674769,74.376,América Latina
Mexico,MEX,2017,79.867,1.29900393427581,99.4727755982577,95.30064,81.15596,9649.27816772402,74.261,América Latina
Mexico,MEX,2018,80.156,1.30780055382599,99.6884619612484,,,10084.7937553679,74.301,América Latina
Mexico,MEX,2019,80.444,1.30879930942112,99.9041483242391,,,10369.5553585271,74.53,América Latina
Mexico,MEX,2020,80.731,1.17658908938747,100.0,,,8841.2707511328,70.449,América Latina
Mexico,MEX,2021,81.016,1.01980862914655,100.0,,,10314.0506725979,69.75,América Latina
Mexico,MEX,2022,81.3,1.10305152269145,100.0,,,11402.1410374782,73.973,América Latina
Mexico,MEX,2023,81.582,1.21844174097919,,,,13826.1306570122,75.069,América Latina
Nigeria,NGA,1990,29.68,5.56696586727896,,,,556.376449130902,45.733,África
Nigeria,NGA,1991,30.176,4.29845010021756,,,,596.938795710722,45.483,África
Nigeria,NGA,1992,30.677,4.27191716470723,,,,508.515905682785,45.587,África
Nigeria,NGA,1993,31.182,4.28292971506614,,,,539.573202297542,45.783,África
Nigeria,NGA,1994,31.691,4.26052788177816,,,,744.884247151377,45.748,África
Nigeria,NGA,1995,32.205,4.24552934178618,,,,1271.61617353199,45.87,África
Nigeria,NGA,1996,32.725,4.21605425822626,,,,1632.72469370276,45.833,África
Nigeria,NGA,1997,33.247,4.18561155265309,,,,1720.27540949396,45.96,África
Nigeria,NGA,1998,33.773,4.18308764065275,,,,1822.46998452473,46.148,África
Nigeria,NGA,1999,34.304,4.19596081355865,,62.07012,,480.669363941805,46.609,África
Nigeria,NGA,2000,34.84,4.22481588137071,68.4187616441163,65.08852,,547.318298903379,47.143,África
Nigeria,NGA,2001,35.669,5.06797646032014,69.0091704978588,65.41622000000001,,566.428231812933,47.549,África
Nigeria,NGA,2002,36.508,5.06641615797551,70.0989382387624,65.74392,,712.164852077686,48.02,África
Nigeria,NGA,2003,37.356,5.05294779813963,71.1971780397253,66.07162,,763.388745367223,48.618,África
Nigeria,NGA,2004,38.212,5.03614512916044,72.3038899007471,66.39932,,962.48104194733,49.148,África
Nigeria,NGA,2005,39.074,4.99960132235437,73.4190738218279,66.85314,,1211.37703504386,49.538,África
Nigeria,NGA,2006,39.943,4.96086393359505,74.5427298029678,67.3432,,1599.53891556365,49.876,África
Nigeria,NGA,2007,40.819,4.94122190970728,75.6748578441668,70.31079,,1815.52697545827,50.381,África
Nigeria,NGA,2008,41.702,4.92467766995046,76.8154579454246,63.39998,,2154.10543545364,50.748,África
Nigeria,NGA,2009,42.588,4.88965162148145,77.9645301067416,64.34126,,1820.48633854782,51.08,África
Nigeria,NGA,2010,43.48,4.86800307844021,79.1220743281177,64.13783,,2202.25672957344,51.315,África
Nigeria,NGA,2011,44.366,4.82001918622785,80.2880906095526,,,2418.41316975875,51.49,África
Nigeria,NGA,2012,45.246,4.73831597187338,81.4625789510468,,,2633.19734671361,51.688,África
Nigeria,NGA,2013,46.118,4.62359558494712,82.6455393525999,,,2872.79083379398,51.827,África
Nigeria,NGA,2014,46.982,4.4983366232135,83.8369718142119,,,3088.72131316169,51.94,África
Nigeria,NGA,2015,47.838,4.34174834833144,85.0368763358833,,,2585.73360671797,51.939,África
Nigeria,NGA,2016,48.683,4.22279093532117,86.2452529176136,,,2070.4127339595,52.189,África
Nigeria,NGA,2017,49.519,4.13436400338952,87.4621015594027,,,1876.34027111773,52.397,África
Nigeria,NGA,2018,50.344,3.96447397333471,88.687422261251,,,2057.87944554011,52.669,África
Nigeria,NGA,2019,51.157,3.79639032434636,89.9212150231584,,,2265.15520863056,53.009,África
Nigeria,NGA,2020,51.958,3.68393418210316,91.1634798451245,,,2019.65706326224,53.072,África
Nigeria,NGA,2021,52.746,3.60141045433703,92.41421672715,,,2017.27486481527,53.455,África
Nigeria,NGA,2022,53.521,3.55143301410608,93.6734256692344,,,2139.37478476974,54.079,África
Nigeria,NGA,2023,54.283,3.51208939849018,,,,1596.63696129001,54.462,África
South Africa,ZAF,1990,52.037,3.80898729445978,,,,3093.48920352334,62.942,África
South Africa,ZAF,1991,52.554,3.27328530572882,,87.11419,,3243.23616023953,62.983,África
South Africa,ZAF,1992,53.038,2.71305289087998,,87.78155,,3462.39400202835,62.839,África
South Africa,ZAF,1993,53.521,2.89784416718691,,88.44891,,3399.64009566241,62.618,África
South Africa,ZAF,1994,54.004,2.51807483495481,,89.11627,51.186,3488.59711541763,62.069,África
South Africa,ZAF,1995,54.486,2.10245284304923,,89.7386,52.87431,3855.6340871567,61.603,África
South Africa,ZAF,1996,54.967,2.17591516423095,,88.40127333333334,54.56262,3617.55336002932,61.079,África
South Africa,ZAF,1997,55.449,2.07105820909026,,87.06394666666667,56.25093,3700.23554789867,60.538,África
South Africa,ZAF,1998,55.93,2.07613850078915,,85.72662,57.93924,3309.60933087472,59.912,África
South Africa,ZAF,1999,56.411,1.94602367238789,,87.08276,59.62755,3242.36830483958,59.19,África
South Africa,ZAF,2000,56.891,1.76195934561221,98.3533790296551,85.94651,58.85436,3217.84693448467,58.368,África
South Africa,ZAF,2001,57.368,1.69444184932385,98.3875567652018,86.85367,59.68998,2847.15191945908,57.161,África
South Africa,ZAF,2002,57.898,1.86665517543378,98.4217345007485,87.57863,61.81554,2688.23676032806,55.58,África
South Africa,ZAF,2003,58.446,1.93859566821692,98.4559122362951,89.12303,63.53457,4062.21755993786,54.245,África
South Africa,ZAF,2004,58.993,1.93897839156012,98.4900899718418,89.06283,65.07833,5221.46333731721,53.963,África
South Africa,ZAF,2005,59.536,1.92884715019212,98.5242677073884,88.64586,66.15872,5836.87663325127,53.914,África
South Africa,ZAF,2006,60.077,1.92631560617061,98.5584454429351,88.216753,68.597249,6077.38293388876,54.22,África
South Africa,ZAF,2007,60.616,1.948244315559,98.5926231784818,87.787646,71.03577800000001,6591.85535960564,54.948,África
South Africa,ZAF,2008,61.154,2.03673631205568,98.6268009140284,87.358539,73.474307,6184.75474328399,55.982,África
South Africa,ZAF,2009,61.687,2.06169903644164,98.6609786495751,86.92943199999999,75.912836,6374.70560042992,57.413,África
South Africa,ZAF,2010,62.218,2.04002310686804,98.6951563851217,86.500325,78.351365,7973.47195771517,58.886,África
South Africa,ZAF,2011,62.746,2.08136092692278,98.7293341206684,86.071218,80.789894,8646.05571071635,60.602,África
South Africa,ZAF,2012,63.272,2.30960217044299,98.763511856215,85.642111,83.228423,8076.97678479741,61.737,África
South Africa,ZAF,2013,63.793,2.47270830016412,98.7976895917617,85.213004,85.66695200000001,7331.65467384919,62.388,África
South Africa,ZAF,2014,64.312,2.4717224720148,98.8318673273084,84.783897,88.105481,6856.73137092522,63.184,África
South Africa,ZAF,2015,64.828,2.80902715796791,98.866045062855,84.35479,90.54401,6112.27382485974,64.053,África
South Africa,ZAF,2016,65.341,1.72873031554763,98.9002227984017,85.683685,81.23531,5651.20585165749,64.749,África
South Africa,ZAF,2017,65.85,1.42980933869843,98.9344005339483,87.01258,71.92661,6618.33508255701,65.422,África
South Africa,ZAF,2018,66.355,2.44633963604216,98.968578269495,,,6914.1780318076,65.726,África
South Africa,ZAF,2019,66.856,2.40176716385477,99.0027560050417,,,6533.71121032856,66.071,África
South Africa,ZAF,2020,67.354,2.3642890283083,99.0369337405884,,,5580.60383075189,65.15,África
South Africa,ZAF,2021,67.847,2.26984532182972,99.071111476135,,,6843.39941886204,62.01,África
South Africa,ZAF,2022,68.335,2.13066233576154,99.1052892116817,,,6523.41097815853,65.454,África
South Africa,ZAF,2023,68.819,2.03388201639385,,,,6022.54254192335,66.139,África
Spain,ESP,1990,75.351,0.40087871221168,,99.22275,,13795.0159385128,76.8375609756098,Europa
Spain,ESP,1991,75.528,0.489150366024034,,99.66298,,14801.3226152172,76.9712195121951,Europa
Spain,ESP,1992,75.61,0.598270855145433,,99.65,,16100.6799428032,77.41,Europa
Spain,ESP,1993,75.692,0.626933309783586,,99.98866,,13330.3798192211,77.5465853658537,Europa
Spain,ESP,1994,75.774,0.584376823602082,,99.98101,,13405.704414883,77.9014634146342,Europa
Spain,ESP,1995,75.856,0.5495228751313,,99.95766,,15460.9110266653,77.9807317073171,Europa
Spain,ESP,1996,75.938,0.524558812446328,,99.94339,,16100.6215831114,78.1204878048781,Europa
Spain,ESP,1997,76.019,0.525729510167747,,99.93531,,14722.3717633536,78.6041463414634,Europa
Spain,ESP,1998,76.1,0.520340425805055,,99.896215,,15382.3348573373,78.6658536585366,Europa
Spain,ESP,1999,76.181,0.511705663587814,,99.85712,87.22194,15707.9473068138,78.7170731707317,Europa
Spain,ESP,2000,76.262,0.553405611176717,100.0,99.81425,88.76119,14743.2671031455,78.9658536585366,Europa
Spain,ESP,2001,76.343,0.800225838968891,100.0,99.76442,90.33215,15368.2337984435,79.3682926829268,Europa
Spain,ESP,2002,76.533,1.6611622094209,100.0,99.82002,90.92089,17111.0685058941,79.5682926829268,Europa
Spain,ESP,2003,76.778,2.12806716477212,100.0,99.85653,91.28496,21522.0170990262,79.619512195122,Europa
Spain,ESP,2004,77.022,2.04276209944672,100.0,99.73118,92.41558,24925.0267844576,79.8707317073171,Europa
Spain,ESP,2005,77.263,2.00175761706271,100.0,99.65855,93.27141,26450.9530130382,80.1707317073171,Europa
Spain,ESP,2006,77.502,1.99920810283443,100.0,99.71458,92.8639,28421.686527407,80.8219512195122,Europa
Spain,ESP,2007,77.74,2.15770109034777,100.0,99.82284,92.07332,32652.015594702,80.8731707317073,Europa
Spain,ESP,2008,77.976,1.89844652332989,100.0,99.82827,91.50683,35603.248328071,81.1756097560976,Europa
Spain,ESP,2009,78.21,1.18537790236856,100.0,99.77222,91.07021,32279.8208476151,81.4756097560976,Europa
Spain,ESP,2010,78.442,0.756607893274885,100.0,99.71354,90.86856,30658.7422282912,81.6268292682927,Europa
Spain,ESP,2011,78.673,0.649389460315482,100.0,99.73417,89.39714,31824.6219134777,82.4756097560976,Europa
Spain,ESP,2012,78.902,0.355581830036495,99.9824657534247,99.69626,89.80611,28456.4438151477,82.4268292682927,Europa
Spain,ESP,2013,79.133,-0.0693292322492612,99.9452054794521,99.55937,90.5337,29228.846559842,83.0780487804878,Europa
Spain,ESP,2014,79.366,-0.0143017283098736,99.9079452054795,99.47472,91.42704,29707.765509467,83.2292682926829,Europa
Spain,ESP,2015,79.602,0.2141680296864,99.9079452054795,99.39278,92.77119,25982.4416197775,82.8317073170732,Europa
Spain,ESP,2016,79.84,0.375705787560852,99.9079452054795,98.78967,94.94198,26755.6061149398,83.3292682926829,Europa
Spain,ESP,2017,80.08,0.543285976916976,99.9079452054795,97.27171,96.87779,28381.3425596906,83.2829268292683,Europa
Spain,ESP,2018,80.321,0.7520695719631,99.9079452054795,,,30602.4212881113,83.4317073170732,Europa
Spain,ESP,2019,80.565,1.02001764768787,99.9079452054795,,,29786.5245689007,83.8317073170732,Europa
Spain,ESP,2020,80.81,0.813653099210624,99.9079452054795,,,27233.9426461608,82.2317073170732,Europa
Spain,ESP,2021,81.056,0.482002006721022,99.9079452054795,,,30799.4775937775,83.1780487804878,Europa
Spain,ESP,2022,81.304,1.02434695745198,99.9079452054795,,,30270.2687017458,83.1341463414634,Europa
Spain,ESP,2023,81.552,1.47338087747604,,,,33509.0127982139,83.8829268292683,Europa
Thailand,THA,1990,29.424,2.51538998931617,,,,1559.11209344755,68.924,Ásia
Thailand,THA,1991,29.593,2.20192549208764,,,,1765.62267359529,69.132,Ásia
Thailand,THA,1992,29.763,2.16227592469969,,,,1971.60879910694,69.353,Ásia
Thailand,THA,1993,29.934,2.11652104434611,,,,2245.13688708983,69.568,Ásia
Thailand,THA,1994,30.105,2.04396010992299,,,,2517.70732641683,69.661,Ásia
Thailand,THA,1995,30.276,1.9934668390216,,,,2864.36515719866,69.757,Ásia
Thailand,THA,1996,30.449,1.95082007983788,,,,3054.65690806473,69.94,Ásia
Thailand,THA,1997,30.622,1.90027786996723,,,,2473.14096982086,70.362,Ásia
Thailand,THA,1998,30.795,1.8690095434287,,,,1847.70379269771,70.703,Ásia
Thailand,THA,1999,30.969,1.81753694441718,,,,2033.24490520569,70.979,Ásia
Thailand,THA,2000,31.386,2.46879212218384,98.103082267566,,,2005.97694514234,71.205,Ásia
Thailand,THA,2001,32.548,4.65124466036181,98.2139929096953,,,1889.93432467144,71.52,Ásia
Thailand,THA,2002,33.734,4.54106014087235,98.3249035518247,,,2089.75183111554,71.775,Ásia
Thailand,THA,2003,34.941,4.44741676333231,98.4358141939541,,,2347.54001286066,72.101,Ásia
Thailand,THA,2004,36.169,4.35022462143606,98.5467248360835,,,2641.56268717857,72.1,Ásia
Thailand,THA,2005,37.411,4.2363254468478,98.6574370696383,,,2867.70383436062,72.894,Ásia
Thailand,THA,2006,38.673,4.14775519753421,98.7498796990552,98.9104,69.59192,3331.32043511773,73.341,Ásia
Thailand,THA,2007,39.95,4.04874010655901,98.842280852223,98.48923,73.2857,3918.52817434581,73.779,Ásia
Thailand,THA,2008,41.242,3.95100488442218,98.9346405291417,97.95392,75.39528,4309.13509292986,74.221,Ásia
Thailand,THA,2009,42.543,3.84436095116613,99.0269587298114,98.08255,77.17242,4135.43986952819,74.669,Ásia
Thailand,THA,2010,43.856,3.71023768313815,99.119235454232,,77.10383,4973.86288823778,75.012,Ásia
Thailand,THA,2011,44.698,2.52353124504727,99.2114707024034,,79.4745,5373.6232832898,75.302,Ásia
Thailand,THA,2012,45.445,2.27699620603267,99.3036644743258,,76.52904,5725.52802835463,75.59,Ásia
Thailand,THA,2013,46.193,2.2198731696353,99.3958167699992,,77.664385,6018.08244729255,75.96,Ásia
Thailand,THA,2014,46.943,2.14071068761387,99.4879275894234,,78.79973,5801.1978916205,76.279,Ásia
Thailand,THA,2015,47.694,2.04812787980584,99.5799969325985,,77.27069,5688.85335397884,76.563,Ásia
Thailand,THA,2016,48.448,2.01981144745553,99.6720247995246,,,5833.57715617098,76.769,Ásia
Thailand,THA,2017,49.2,1.96321939031438,99.6562564689498,,,6413.09182530343,76.989,Ásia
Thailand,THA,2018,49.949,1.81381644379207,99.7805666226913,,,7099.77650081458,77.19,Ásia
Thailand,THA,2019,50.692,1.68117230497934,99.9306264379947,,,7605.69657797759,77.197,Ásia
Thailand,THA,2020,51.43,1.61189438990908,100.0,,,6985.64393892574,77.331,Ásia
Thailand,THA,2021,52.163,1.53493551565301,100.0,,,7057.20754802279,77.606,Ásia
Thailand,THA,2022,52.889,1.39334329150934,100.0,,,6909.35281815827,75.291,Ásia
Thailand,THA,2023,53.608,1.30442759003356,,,,7195.10130919449,76.412,Ásia
United Kingdom,GBR,1990,78.14,0.234964714351841,,99.78913,78.43803,19095.4669984608,75.8804878048781,Europa
United Kingdom,GBR,1991,78.112,0.273408736099803,,98.18471,80.9996,19900.7266505069,76.0829268292683,Europa
United Kingdom,GBR,1992,78.172,0.347213792691497,,96.65488,83.63754,20487.1707852878,76.4341463414634,Europa
United Kingdom,GBR,1993,78.232,0.316469262069966,,97.19706666666667,92.06388,18389.0195675099,76.3853658536585,Europa
United Kingdom,GBR,1994,78.293,0.332530132496477,,97.73925333333334,93.9031,19709.2380983653,76.8853658536585,Europa
United Kingdom,GBR,1995,78.353,0.341153613981391,,98.28144,94.8189,23168.9529580171,76.8365853658537,Europa
United Kingdom,GBR,1996,78.413,0.331173754095967,,98.82362666666667,93.93028,24406.400298359,77.0878048780488,Europa
United Kingdom,GBR,1997,78.472,0.332766255006134,,99.36581333333334,92.76342,26766.0056249684,77.2109756097561,Europa
United Kingdom,GBR,1998,78.532,0.367838511025178,,99.908,93.50332,28274.5045119699,77.190243902439,Europa
United Kingdom,GBR,1999,78.591,0.408505665282773,,99.94032,94.65621,28762.0913570256,77.390243902439,Europa
United Kingdom,GBR,2000,78.651,0.433615661051976,100.0,99.94481,94.68536,28280.926786099,77.7414634146342,Europa
United Kingdom,GBR,2001,78.751,0.512040255282785,100.0,99.93639,94.95354,27906.5695029641,77.9926829268293,Europa
United Kingdom,GBR,2002,79.047,0.798501015283694,100.0,99.82263,95.64137,30077.741432188,78.1439024390244,Europa
United Kingdom,GBR,2003,79.339,0.834359753141167,100.0,99.90834,95.47093,34442.6875402308,78.4463414634146,Europa
United Kingdom,GBR,2004,79.629,0.93379733417362,100.0,98.13312,95.02938,40366.8886650968,78.7463414634146,Europa
United Kingdom,GBR,2005,79.915,1.04513367651541,100.0,98.78009,95.55691,42104.7884375024,79.0487804878049,Europa
United Kingdom,GBR,2006,80.199,1.08979547464129,100.0,98.42751,92.34619,44512.4590296865,79.2487804878049,Europa
United Kingdom,GBR,2007,80.479,1.12718995503098,100.0,96.53232,91.17435,50397.6854954706,79.4487804878049,Europa
United Kingdom,GBR,2008,80.757,1.13186919618862,100.0,98.63343,92.61934,47396.1202078484,79.6,Europa
United Kingdom,GBR,2009,81.031,1.09510526789302,100.0,97.88299,94.46231,38744.131693043,80.0512195121951,Europa
United Kingdom,GBR,2010,81.302,1.11777108530512,100.0,98.01015,96.16818,39598.957119545,80.4024390243902,Europa
United Kingdom,GBR,2011,81.57,1.11059917110884,100.0,98.11699,92.958,42109.6418795749,80.9512195121951,Europa
United Kingdom,GBR,2012,81.837,1.03907472511715,100.0,98.35876,90.8005,42490.1465463521,80.9048780487805,Europa
United Kingdom,GBR,2013,82.102,0.992828925823886,100.0,99.72456,93.84317,43419.0352598932,81.0048780487805,Europa
United Kingdom,GBR,2014,82.365,1.06695656713529,100.0,99.89948,97.18701,47426.6209829995,81.3048780487805,Europa
United Kingdom,GBR,2015,82.626,1.03800538351696,100.0,99.93433,98.13521,44983.885522934,80.9560975609756,Europa
United Kingdom,GBR,2016,82.886,1.10839632892999,100.0,99.65208,97.63383999999999,40988.1044233026,81.1560975609756,Europa
United Kingdom,GBR,2017,83.143,0.855290081460714,100.0,99.49182,97.13247,40629.2340347345,81.2560975609756,Europa
United Kingdom,GBR,2018,83.398,0.794682745592027,100.0,,,43315.4874501318,81.2560975609756,Europa
United Kingdom,GBR,2019,83.652,0.818697366540708,100.0,,,42794.0022648288,81.3691219512195,Europa
United Kingdom,GBR,2020,83.903,0.469050071710464,100.0,,,40404.8062238951,80.331756097561,Europa
United Kingdom,GBR,2021,84.152,0.655270844323942,100.0,,,46926.475736105,80.6473170731707,Europa
United Kingdom,GBR,2022,84.398,1.21323809207328,100.0,,,46062.9914079698,81.0112195121951,Europa
United Kingdom,GBR,2023,84.642,1.59366947201538,,,,49200.8101526146,81.2380975609756,Europa
United States,USA,1990,75.3,1.41025628541903,,,,23888.6000088133,75.2146341463415,América do Norte
United States,USA,1991,75.701,1.86738439894312,,,,24342.2589048189,75.3658536585366,América do Norte
United States,USA,1992,76.097,1.90863299657144,,,,25418.9907763319,75.6170731707317,América do Norte
United States,USA,1993,76.488,1.83118227604993,,,,26387.2937338171,75.419512195122,América do Norte
United States,USA,1994,76.875,1.7309822295661,,,,27694.853416234,75.619512195122,América do Norte
United States,USA,1995,77.257,1.68646666337335,,,,28690.8757013347,75.6219512195122,América do Norte
United States,USA,1996,77.636,1.65278297800739,,,,29967.7127181749,76.0268292682927,América do Norte
United States,USA,1997,78.008,1.68197526681483,,,,31459.1299691554,76.4292682926829,América do Norte
United States,USA,1998,78.377,1.63762765741403,,,,32853.6725949234,76.5804878048781,América do Norte
United States,USA,1999,78.742,1.61295677155673,,,,34515.3813073394,76.5829268292683,América do Norte
United States,USA,2000,79.057,1.51201139138713,99.69965668839,,,36329.9702595751,76.6365853658537,América do Norte
United States,USA,2001,79.234,1.21338042170418,99.69965668839,,,37133.6203973517,76.8365853658537,América do Norte
United States,USA,2002,79.409,1.14841884658312,99.69965668839,,,37997.7424300242,76.9365853658537,América do Norte
United States,USA,2003,79.583,1.07836038438036,99.69965668839,,,39490.3023903176,77.0365853658537,América do Norte
United States,USA,2004,79.757,1.14388530085121,99.69965668839,,,41724.6411982614,77.4878048780488,América do Norte
United States,USA,2005,79.928,1.13588459113456,99.69965668839,94.77826,89.34377,44123.3996470026,77.4878048780488,América do Norte
United States,USA,2006,80.099,1.17796815968651,99.69965668839,94.49746,89.151948,46301.9876485519,77.6878048780488,América do Norte
United States,USA,2007,80.269,1.16306776101756,99.69965668839,94.21666,88.960126,48050.227412195,77.9878048780488,América do Norte
United States,USA,2008,80.438,1.15618567133535,99.69965668839,93.93586,88.768304,48570.0594269601,78.0390243902439,América do Norte
United States,USA,2009,80.606,1.08529029428822,99.69965668839,93.65506,88.576482,47194.9500893872,78.390243902439,América do Norte
United States,USA,2010,80.772,1.05185816449381,99.7194372463949,93.37426,88.38466,48642.6312088213,78.5414634146342,América do Norte
United States,USA,2011,80.944,1.00511268781325,99.7392178043998,92.44255,89.75284,50024.8812320773,78.6414634146341,América do Norte
United States,USA,2012,81.119,1.01434861569527,99.7589983624047,92.79303,89.29903,51708.3940614082,78.7414634146342,América do Norte
United States,USA,2013,81.299,0.978210371974169,99.7787789204096,92.80851,89.46575,53297.3862901595,78.7414634146342,América do Norte
United States,USA,2014,81.483,1.02209326481216,99.7985594784146,93.2305,89.86874,55153.3940182967,78.8414634146341,América do Norte
United States,USA,2015,81.671,1.0283616018941,99.8183400364195,93.8973,91.27156,56849.4697923159,78.690243902439,América do Norte
United States,USA,2016,81.862,1.01921769631927,99.8381205944244,95.07325,92.18317,57976.628204291,78.5390243902439,América do Norte
United States,USA,2017,82.058,0.932047343572795,99.8579011524293,94.62633,92.45022,60047.7190728307,78.5390243902439,América do Norte
United States,USA,2018,82.256,0.82743536790703,99.8776817104343,,,62875.6661382728,78.6390243902439,América do Norte
United States,USA,2019,82.459,0.761595157723461,99.8974622684392,,,65227.9565911038,78.7878048780488,América do Norte
United States,USA,2020,82.664,0.656727102951006,99.9172428264441,,,64401.5074354212,76.9804878048781,América do Norte
United States,USA,2021,82.873,0.409829196265549,99.937023384449,,,71307.4017277218,76.3292682926829,América do Norte
United States,USA,2022,83.084,0.830027438814483,99.956803942454,,,77860.9112908848,77.4341463414634,América do Norte
United States,USA,2023,83.298,1.08873258073205,,,,82304.6204272866,78.3853658536585,América do Norte
Viet Nam,VNM,1990,20.257,3.91699233551035,,,,98.7983370311401,69.027,Ásia
Viet Nam,VNM,1991,20.629,3.91538066995253,,,,143.715270231936,69.303,Ásia
Viet Nam,VNM,1992,21.006,3.83631159510538,,,,144.549392371677,69.62,Ásia
Viet Nam,VNM,1993,21.387,3.72152159864684,,,,189.418573584332,69.957,Ásia
Viet Nam,VNM,1994,21.774,3.59913509916759,,,,229.857787265757,70.379,Ásia
Viet Nam,VNM,1995,22.166,3.45755603667641,,,,287.802661028593,70.871,Ásia
Viet Nam,VNM,1996,22.563,3.29925539868944,,,,337.051231790277,71.296,Ásia
Viet Nam,VNM,1997,22.965,3.21861385077166,,,,361.643884085566,71.67,Ásia
Viet Nam,VNM,1998,23.371,3.18737989810558,,99.69632,,361.350928411167,72.283,Ásia
Viet Nam,VNM,1999,23.817,3.19364724311128,,98.91738,,375.994455900496,72.575,Ásia
Viet Nam,VNM,2000,24.374,3.4412520862476,94.9503758677543,97.93079,,404.029784055118,72.746,Ásia
Viet Nam,VNM,2001,24.937,3.33480325916787,95.1170441885668,96.20012,,419.205677580901,72.984,Ásia
Viet Nam,VNM,2002,25.511,3.30015667342866,95.2838007281959,93.55176,,445.132861817313,73.138,Ásia
Viet Nam,VNM,2003,26.092,3.25175191988712,95.4506454866416,92.60167666666666,,497.117089249256,73.236,Ásia
Viet Nam,VNM,2004,26.683,3.20938013603773,95.6175784639039,91.65159333333334,,565.452284586212,73.062,Ásia
Viet Nam,VNM,2005,27.281,3.14478523712373,95.7845996599827,90.70151,,710.746759994861,73.198,Ásia
Viet Nam,VNM,2006,27.888,3.52318132479642,95.9517090748782,91.78953,,807.756645117054,73.293,Ásia
Viet Nam,VNM,2007,28.504,3.952592032822,96.1189067085902,94.60564,,925.640338348717,73.385,Ásia
Viet Nam,VNM,2008,29.128,3.9930062512113,96.2861925611188,97.42175,,1163.83195772873,73.455,Ásia
Viet Nam,VNM,2009,29.762,3.64973717285255,96.453566632464,98.5813,,1226.16976051536,73.525,Ásia
Viet Nam,VNM,2010,30.417,3.32132750315342,96.6210289226258,98.01475,,1683.16182443979,73.611,Ásia
Viet Nam,VNM,2011,31.08,3.30811881484735,96.7885794316042,99.32474,,1950.92504174913,73.713,Ásia
Viet Nam,VNM,2012,31.752,3.31010553962891,96.9562181593991,98.05641,,2185.11767654291,73.762,Ásia
Viet Nam,VNM,2013,32.429,3.2900356144746,97.1239451060107,97.96511,,2359.51736472828,73.821,Ásia
Viet Nam,VNM,2014,33.115,3.30756021698554,97.2917602714388,,,2546.38464459903,73.886,Ásia
Viet Nam,VNM,2015,33.809,3.31382377529812,97.4596636556835,,,2577.56885340113,73.955,Ásia
Viet Nam,VNM,2016,34.51,3.31209211580795,97.6276552587448,,,2735.0604380416,73.984,Ásia
Viet Nam,VNM,2017,35.213,3.26082571268108,97.7957350806227,,,2956.10992127753,74.026,Ásia
Viet Nam,VNM,2018,35.919,3.09302189027882,98.1214522439473,,,3222.31003125366,74.1,Ásia
Viet Nam,VNM,2019,36.628,2.92302367743811,98.645093213333,,,3440.90025375434,74.211,Ásia
Viet Nam,VNM,2020,37.34,2.8526498848033,98.8268212255212,,,3534.03953482647,75.383,Ásia
Viet Nam,VNM,2021,38.052,2.75773275966557,98.9642134217773,,,3704.1935590038,74.145,Ásia
Viet Nam,VNM,2022,38.766,2.60975154685066,99.1016056180334,,,4147.69777213621,74.502,Ásia
Viet Nam,VNM,2023,39.48,2.49649158153454,,,,4323.35031982451,74.588,Ásia
